"time","metric","scenario","group","load_zone","tags","count","min","mean","max","last"
"2022-02-01T14:12:47+00:00","load_generator_memory_used_percent","","","amazon:us:columbus","{'instance_id': '0'}",1,1.75697518435461,1.75697518435461,1.75697518435461,1.75697518435461
"2022-02-01T14:12:48+00:00","load_generator_memory_used_percent","","","amazon:us:columbus","{'instance_id': '0'}",1,1.75621154771329,1.75621154771329,1.75621154771329,1.75621154771329
"2022-02-01T14:12:49+00:00","load_generator_memory_used_percent","","","amazon:us:columbus","{'instance_id': '0'}",1,1.75621154771329,1.75621154771329,1.75621154771329,1.75621154771329
"2022-02-01T14:12:50+00:00","load_generator_memory_used_percent","","","amazon:us:columbus","{'instance_id': '0'}",1,1.75621154771329,1.75621154771329,1.75621154771329,1.75621154771329
"2022-02-01T14:12:51+00:00","load_generator_memory_used_percent","","","amazon:us:columbus","{'instance_id': '0'}",1,1.75621154771329,1.75621154771329,1.75621154771329,1.75621154771329
"2022-02-01T14:12:52+00:00","load_generator_memory_used_percent","","","amazon:us:columbus","{'instance_id': '0'}",1,1.80717156624421,1.80717156624421,1.80717156624421,1.80717156624421
"2022-02-01T14:12:53+00:00","load_generator_memory_used_percent","","","amazon:us:columbus","{'instance_id': '0'}",1,1.8417388515414,1.8417388515414,1.8417388515414,1.8417388515414
"2022-02-01T14:12:54+00:00","load_generator_memory_used_percent","","","amazon:us:columbus","{'instance_id': '0'}",1,1.84494612543495,1.84494612543495,1.84494612543495,1.84494612543495
"2022-02-01T14:12:55+00:00","load_generator_memory_used_percent","","","amazon:us:columbus","{'instance_id': '0'}",1,1.89081523302372,1.89081523302372,1.89081523302372,1.89081523302372
"2022-02-01T14:12:56+00:00","load_generator_memory_used_percent","","","amazon:us:columbus","{'instance_id': '0'}",1,1.89000068727298,1.89000068727298,1.89000068727298,1.89000068727298
"2022-02-01T14:12:57+00:00","load_generator_memory_used_percent","","","amazon:us:columbus","{'instance_id': '0'}",1,1.89000068727298,1.89000068727298,1.89000068727298,1.89000068727298
"2022-02-01T14:12:58+00:00","load_generator_memory_used_percent","","","amazon:us:columbus","{'instance_id': '0'}",1,1.89000068727298,1.89000068727298,1.89000068727298,1.89000068727298
"2022-02-01T14:12:59+00:00","load_generator_memory_used_percent","","","amazon:us:columbus","{'instance_id': '0'}",1,1.9059352385219,1.9059352385219,1.9059352385219,1.9059352385219
"2022-02-01T14:13:00+00:00","load_generator_memory_used_percent","","","amazon:us:columbus","{'instance_id': '0'}",1,1.90588432941248,1.90588432941248,1.90588432941248,1.90588432941248
"2022-02-01T14:13:01+00:00","load_generator_memory_used_percent","","","amazon:us:columbus","{'instance_id': '0'}",1,1.90909160330604,1.90909160330604,1.90909160330604,1.90909160330604
"2022-02-01T14:13:02+00:00","load_generator_memory_used_percent","","","amazon:us:columbus","{'instance_id': '0'}",1,1.90909160330604,1.90909160330604,1.90909160330604,1.90909160330604
"2022-02-01T14:13:03+00:00","load_generator_memory_used_percent","","","amazon:us:columbus","{'instance_id': '0'}",1,1.90909160330604,1.90909160330604,1.90909160330604,1.90909160330604
"2022-02-01T14:13:04+00:00","load_generator_memory_used_percent","","","amazon:us:columbus","{'instance_id': '0'}",1,1.90909160330604,1.90909160330604,1.90909160330604,1.90909160330604
"2022-02-01T14:13:05+00:00","load_generator_memory_used_percent","","","amazon:us:columbus","{'instance_id': '0'}",1,1.91229887719959,1.91229887719959,1.91229887719959,1.91229887719959
"2022-02-01T14:13:06+00:00","load_generator_memory_used_percent","","","amazon:us:columbus","{'instance_id': '0'}",1,1.91229887719959,1.91229887719959,1.91229887719959,1.91229887719959
"2022-02-01T14:13:07+00:00","load_generator_memory_used_percent","","","amazon:us:columbus","{'instance_id': '0'}",1,1.91224796809017,1.91224796809017,1.91224796809017,1.91224796809017
"2022-02-01T14:13:08+00:00","load_generator_memory_used_percent","","","amazon:us:columbus","{'instance_id': '0'}",1,1.91224796809017,1.91224796809017,1.91224796809017,1.91224796809017
"2022-02-01T14:13:09+00:00","load_generator_memory_used_percent","","","amazon:us:columbus","{'instance_id': '0'}",1,1.91224796809017,1.91224796809017,1.91224796809017,1.91224796809017
"2022-02-01T14:13:10+00:00","load_generator_memory_used_percent","","","amazon:us:columbus","{'instance_id': '0'}",1,1.91866251587728,1.91866251587728,1.91866251587728,1.91866251587728
"2022-02-01T14:13:11+00:00","load_generator_memory_used_percent","","","amazon:us:columbus","{'instance_id': '0'}",1,1.91840797033017,1.91840797033017,1.91840797033017,1.91840797033017
"2022-02-01T14:13:12+00:00","load_generator_memory_used_percent","","","amazon:us:columbus","{'instance_id': '0'}",1,1.91840797033017,1.91840797033017,1.91840797033017,1.91840797033017
"2022-02-01T14:13:13+00:00","load_generator_memory_used_percent","","","amazon:us:columbus","{'instance_id': '0'}",1,1.91840797033017,1.91840797033017,1.91840797033017,1.91840797033017
"2022-02-01T14:13:14+00:00","load_generator_memory_used_percent","","","amazon:us:columbus","{'instance_id': '0'}",1,1.91840797033017,1.91840797033017,1.91840797033017,1.91840797033017
"2022-02-01T14:13:15+00:00","load_generator_memory_used_percent","","","amazon:us:columbus","{'instance_id': '0'}",1,1.91840797033017,1.91840797033017,1.91840797033017,1.91840797033017
"2022-02-01T14:13:16+00:00","load_generator_memory_used_percent","","","amazon:us:columbus","{'instance_id': '0'}",1,1.91881524320554,1.91881524320554,1.91881524320554,1.91881524320554
"2022-02-01T14:13:17+00:00","load_generator_memory_used_percent","","","amazon:us:columbus","{'instance_id': '0'}",1,1.92192069888025,1.92192069888025,1.92192069888025,1.92192069888025
"2022-02-01T14:13:18+00:00","load_generator_memory_used_percent","","","amazon:us:columbus","{'instance_id': '0'}",1,1.92512797277381,1.92512797277381,1.92512797277381,1.92512797277381
"2022-02-01T14:13:19+00:00","load_generator_memory_used_percent","","","amazon:us:columbus","{'instance_id': '0'}",1,1.92512797277381,1.92512797277381,1.92512797277381,1.92512797277381
"2022-02-01T14:13:20+00:00","load_generator_memory_used_percent","","","amazon:us:columbus","{'instance_id': '0'}",1,1.92512797277381,1.92512797277381,1.92512797277381,1.92512797277381
"2022-02-01T14:13:21+00:00","load_generator_memory_used_percent","","","amazon:us:columbus","{'instance_id': '0'}",1,1.92833524666736,1.92833524666736,1.92833524666736,1.92833524666736
"2022-02-01T14:13:22+00:00","load_generator_memory_used_percent","","","amazon:us:columbus","{'instance_id': '0'}",1,1.935055249111,1.935055249111,1.935055249111,1.935055249111
"2022-02-01T14:13:23+00:00","load_generator_memory_used_percent","","","amazon:us:columbus","{'instance_id': '0'}",1,1.94783343557579,1.94783343557579,1.94783343557579,1.94783343557579
"2022-02-01T14:13:24+00:00","load_generator_memory_used_percent","","","amazon:us:columbus","{'instance_id': '0'}",1,1.94783343557579,1.94783343557579,1.94783343557579,1.94783343557579
"2022-02-01T14:13:25+00:00","load_generator_memory_used_percent","","","amazon:us:columbus","{'instance_id': '0'}",1,1.96386980504357,1.96386980504357,1.96386980504357,1.96386980504357
"2022-02-01T14:13:26+00:00","load_generator_memory_used_percent","","","amazon:us:columbus","{'instance_id': '0'}",1,1.96707707893712,1.96707707893712,1.96707707893712,1.96707707893712
"2022-02-01T14:13:27+00:00","load_generator_memory_used_percent","","","amazon:us:columbus","{'instance_id': '0'}",1,1.96707707893712,1.96707707893712,1.96707707893712,1.96707707893712
"2022-02-01T14:13:28+00:00","load_generator_memory_used_percent","","","amazon:us:columbus","{'instance_id': '0'}",1,1.96697526071828,1.96697526071828,1.96697526071828,1.96697526071828
"2022-02-01T14:13:29+00:00","load_generator_memory_used_percent","","","amazon:us:columbus","{'instance_id': '0'}",1,1.99263345186671,1.99263345186671,1.99263345186671,1.99263345186671
"2022-02-01T14:13:30+00:00","load_generator_memory_used_percent","","","amazon:us:columbus","{'instance_id': '0'}",1,1.99263345186671,1.99263345186671,1.99263345186671,1.99263345186671
"2022-02-01T14:13:31+00:00","load_generator_memory_used_percent","","","amazon:us:columbus","{'instance_id': '0'}",1,1.99263345186671,1.99263345186671,1.99263345186671,1.99263345186671
"2022-02-01T14:13:32+00:00","load_generator_memory_used_percent","","","amazon:us:columbus","{'instance_id': '0'}",1,1.99584072576026,1.99584072576026,1.99584072576026,1.99584072576026
"2022-02-01T14:13:33+00:00","load_generator_memory_used_percent","","","amazon:us:columbus","{'instance_id': '0'}",1,1.99904799965382,1.99904799965382,1.99904799965382,1.99904799965382
"2022-02-01T14:13:34+00:00","load_generator_memory_used_percent","","","amazon:us:columbus","{'instance_id': '0'}",1,1.99904799965382,1.99904799965382,1.99904799965382,1.99904799965382
"2022-02-01T14:13:35+00:00","load_generator_memory_used_percent","","","amazon:us:columbus","{'instance_id': '0'}",1,2.0214989169087,2.0214989169087,2.0214989169087,2.0214989169087
"2022-02-01T14:13:36+00:00","load_generator_memory_used_percent","","","amazon:us:columbus","{'instance_id': '0'}",1,2.02139709868985,2.02139709868985,2.02139709868985,2.02139709868985
"2022-02-01T14:13:37+00:00","load_generator_memory_used_percent","","","amazon:us:columbus","{'instance_id': '0'}",1,2.04058983294176,2.04058983294176,2.04058983294176,2.04058983294176
"2022-02-01T14:13:38+00:00","load_generator_memory_used_percent","","","amazon:us:columbus","{'instance_id': '0'}",1,2.04058983294176,2.04058983294176,2.04058983294176,2.04058983294176
"2022-02-01T14:13:39+00:00","load_generator_memory_used_percent","","","amazon:us:columbus","{'instance_id': '0'}",1,2.04379710683531,2.04379710683531,2.04379710683531,2.04379710683531
"2022-02-01T14:13:40+00:00","load_generator_memory_used_percent","","","amazon:us:columbus","{'instance_id': '0'}",1,2.05978256719366,2.05978256719366,2.05978256719366,2.05978256719366
"2022-02-01T14:13:41+00:00","load_generator_memory_used_percent","","","amazon:us:columbus","{'instance_id': '0'}",1,2.08533894012325,2.08533894012325,2.08533894012325,2.08533894012325
"2022-02-01T14:13:42+00:00","load_generator_memory_used_percent","","","amazon:us:columbus","{'instance_id': '0'}",1,2.09175348791036,2.09175348791036,2.09175348791036,2.09175348791036
"2022-02-01T14:13:43+00:00","load_generator_memory_used_percent","","","amazon:us:columbus","{'instance_id': '0'}",1,2.09175348791036,2.09175348791036,2.09175348791036,2.09175348791036
"2022-02-01T14:13:44+00:00","load_generator_memory_used_percent","","","amazon:us:columbus","{'instance_id': '0'}",1,2.09175348791036,2.09175348791036,2.09175348791036,2.09175348791036
"2022-02-01T14:13:45+00:00","load_generator_memory_used_percent","","","amazon:us:columbus","{'instance_id': '0'}",1,2.09496076180391,2.09496076180391,2.09496076180391,2.09496076180391
"2022-02-01T14:13:46+00:00","load_generator_memory_used_percent","","","amazon:us:columbus","{'instance_id': '0'}",1,2.09496076180391,2.09496076180391,2.09496076180391,2.09496076180391
"2022-02-01T14:13:47+00:00","load_generator_memory_used_percent","","","amazon:us:columbus","{'instance_id': '0'}",1,2.12372440862706,2.12372440862706,2.12372440862706,2.12372440862706
"2022-02-01T14:13:48+00:00","load_generator_memory_used_percent","","","amazon:us:columbus","{'instance_id': '0'}",1,2.12372440862706,2.12372440862706,2.12372440862706,2.12372440862706
"2022-02-01T14:13:49+00:00","load_generator_memory_used_percent","","","amazon:us:columbus","{'instance_id': '0'}",1,2.12372440862706,2.12372440862706,2.12372440862706,2.12372440862706
"2022-02-01T14:13:50+00:00","load_generator_memory_used_percent","","","amazon:us:columbus","{'instance_id': '0'}",1,2.12372440862706,2.12372440862706,2.12372440862706,2.12372440862706
