"time","metric","group","scenario","name","method","status","expected_response","load_zone","tags","count","min","mean","median","p95","p99","max","stdev"
"2022-02-01T14:12:47+00:00","http_req_duration","::page_1 - https://letcode.in/","default","https://letcode.in/","GET","200","true","amazon:us:columbus","{'url': 'https://letcode.in/', 'proto': 'HTTP/2.0', 'tls_version': 'tls1.3'}",5,10.986307,11.4715368,11.5894212722778,11.5894212722778,11.5894212722778,11.589421,0.263597084673181
"2022-02-01T14:12:48+00:00","http_req_duration","::page_1 - https://letcode.in/","default","https://letcode.in/","GET","200","true","amazon:us:columbus","{'url': 'https://letcode.in/', 'proto': 'HTTP/2.0', 'tls_version': 'tls1.3'}",5,11.126431,12.440433,12.0,13.7617317199707,14.1140780639648,14.202165,0.984838127534165
"2022-02-01T14:12:49+00:00","http_req_duration","::page_1 - https://letcode.in/","default","https://letcode.in/","GET","200","true","amazon:us:columbus","{'url': 'https://letcode.in/', 'proto': 'HTTP/2.0', 'tls_version': 'tls1.3'}",5,11.022737,11.571431,11.5714311599731,11.5714311599731,11.5714311599731,11.571431,0
"2022-02-01T14:12:50+00:00","http_req_duration","::page_1 - https://letcode.in/","default","https://letcode.in/","GET","200","true","amazon:us:columbus","{'url': 'https://letcode.in/', 'proto': 'HTTP/2.0', 'tls_version': 'tls1.3'}",5,11.086586,11.659073,11.6590728759766,11.6590728759766,11.6590728759766,11.659073,0
"2022-02-01T14:12:51+00:00","http_req_duration","::page_1 - https://letcode.in/","default","https://letcode.in/","GET","200","true","amazon:us:columbus","{'url': 'https://letcode.in/', 'proto': 'HTTP/2.0', 'tls_version': 'tls1.3'}",5,11.0637,11.498946,11.4989461898804,11.4989461898804,11.4989461898804,11.498946,0
"2022-02-01T14:12:52+00:00","http_req_duration","::page_1 - https://letcode.in/","default","https://letcode.in/","GET","200","true","amazon:us:columbus","{'url': 'https://letcode.in/', 'proto': 'HTTP/2.0', 'tls_version': 'tls1.3'}",5,11.12481,11.519194,11.519193649292,11.519193649292,11.519193649292,11.519194,0
"2022-02-01T14:12:53+00:00","http_req_duration","::page_1 - https://letcode.in/","default","https://letcode.in/","GET","200","true","amazon:us:columbus","{'url': 'https://letcode.in/', 'proto': 'HTTP/2.0', 'tls_version': 'tls1.3'}",5,11.232008,11.689429,11.6894292831421,11.6894292831421,11.6894292831421,11.689429,0
"2022-02-01T14:12:54+00:00","http_req_duration","::page_1 - https://letcode.in/","default","https://letcode.in/","GET","200","true","amazon:us:columbus","{'url': 'https://letcode.in/', 'proto': 'HTTP/2.0', 'tls_version': 'tls1.3'}",5,11.090993,12.0471302,12.0,12.1885208129883,12.2262249755859,12.235651,0.105386330993161
"2022-02-01T14:12:55+00:00","http_req_duration","::page_1 - https://letcode.in/","default","https://letcode.in/","GET","200","true","amazon:us:columbus","{'url': 'https://letcode.in/', 'proto': 'HTTP/2.0', 'tls_version': 'tls1.3'}",5,11.045947,12.1408458,12.0,12.5633834838867,12.6760601806641,12.704229,0.31494078314534
"2022-02-01T14:12:56+00:00","http_req_duration","::page_1 - https://letcode.in/","default","https://letcode.in/","GET","200","true","amazon:us:columbus","{'url': 'https://letcode.in/', 'proto': 'HTTP/2.0', 'tls_version': 'tls1.3'}",5,11.182292,13.6210878,12.0,18.4843505859375,19.781220703125,20.105439,3.62486251829558
"2022-02-01T14:12:57+00:00","http_req_duration","::page_1 - https://letcode.in/","default","https://letcode.in/","GET","200","true","amazon:us:columbus","{'url': 'https://letcode.in/', 'proto': 'HTTP/2.0', 'tls_version': 'tls1.3'}",5,11.236338,15.0930882,12.0,24.3723526000977,26.8468231201172,27.465441,6.91635547560246
"2022-02-01T14:12:58+00:00","http_req_duration","::page_1 - https://letcode.in/","default","https://letcode.in/","GET","200","true","amazon:us:columbus","{'url': 'https://letcode.in/', 'proto': 'HTTP/2.0', 'tls_version': 'tls1.3'}",5,11.081547,12.143831,12.0,12.5753242492676,12.6903890991211,12.719155,0.321615893271773
"2022-02-01T14:12:59+00:00","http_req_duration","::page_1 - https://letcode.in/","default","https://letcode.in/","GET","200","true","amazon:us:columbus","{'url': 'https://letcode.in/', 'proto': 'HTTP/2.0', 'tls_version': 'tls1.3'}",5,11.214058,12.256085,12.0,13.024340057373,13.2292080688477,13.280425,0.572623468018033
"2022-02-01T14:13:00+00:00","http_req_duration","::page_1 - https://letcode.in/","default","https://letcode.in/","GET","200","true","amazon:us:columbus","{'url': 'https://letcode.in/', 'proto': 'HTTP/2.0', 'tls_version': 'tls1.3'}",5,11.095239,13.2309604,12.0,16.9238418579102,17.9086102294922,18.154802,2.75251113201033
"2022-02-01T14:13:01+00:00","http_req_duration","::page_1 - https://letcode.in/","default","https://letcode.in/","GET","200","true","amazon:us:columbus","{'url': 'https://letcode.in/', 'proto': 'HTTP/2.0', 'tls_version': 'tls1.3'}",5,11.130583,12.2342784,12.0,12.5856962203979,12.5856962203979,12.585696,0.320798911040546
"2022-02-01T14:13:02+00:00","http_req_duration","::page_1 - https://letcode.in/","default","https://letcode.in/","GET","200","true","amazon:us:columbus","{'url': 'https://letcode.in/', 'proto': 'HTTP/2.0', 'tls_version': 'tls1.3'}",5,11.272706,13.730532,12.0,18.9221282958984,20.3065539550781,20.65266,3.86958718923867
"2022-02-01T14:13:03+00:00","http_req_duration","::page_1 - https://letcode.in/","default","https://letcode.in/","GET","200","true","amazon:us:columbus","{'url': 'https://letcode.in/', 'proto': 'HTTP/2.0', 'tls_version': 'tls1.3'}",5,11.123619,11.476306,11.4763059616089,11.4763059616089,11.4763059616089,11.476306,0
"2022-02-01T14:13:04+00:00","http_req_duration","::page_1 - https://letcode.in/","default","https://letcode.in/","GET","200","true","amazon:us:columbus","{'url': 'https://letcode.in/', 'proto': 'HTTP/2.0', 'tls_version': 'tls1.3'}",5,11.065139,12.30105,12.0,13.2041999816895,13.4450399780273,13.50525,0.673168264626312
"2022-02-01T14:13:05+00:00","http_req_duration","::page_1 - https://letcode.in/","default","https://letcode.in/","GET","200","true","amazon:us:columbus","{'url': 'https://letcode.in/', 'proto': 'HTTP/2.0', 'tls_version': 'tls1.3'}",5,11.268038,12.2287542,12.0,12.9150169372559,13.098020324707,13.143771,0.511509941338582
"2022-02-01T14:13:06+00:00","http_req_duration","::page_1 - https://letcode.in/","default","https://letcode.in/","GET","200","true","amazon:us:columbus","{'url': 'https://letcode.in/', 'proto': 'HTTP/2.0', 'tls_version': 'tls1.3'}",5,11.017634,12.045564,12.0,12.1822563171387,12.2187075805664,12.22782,0.1018842013268
"2022-02-01T14:13:07+00:00","http_req_duration","::page_1 - https://letcode.in/","default","https://letcode.in/","GET","200","true","amazon:us:columbus","{'url': 'https://letcode.in/', 'proto': 'HTTP/2.0', 'tls_version': 'tls1.3'}",5,11.210538,12.2841468,12.0,12.7103672027588,12.7103672027588,12.710367,0.389084030007272
"2022-02-01T14:13:08+00:00","http_req_duration","::page_1 - https://letcode.in/","default","https://letcode.in/","GET","200","true","amazon:us:columbus","{'url': 'https://letcode.in/', 'proto': 'HTTP/2.0', 'tls_version': 'tls1.3'}",5,11.187368,12.0309074,12.0,12.1236297607422,12.1483557128906,12.154537,0.0691110474077768
"2022-02-01T14:13:09+00:00","http_req_duration","::page_1 - https://letcode.in/","default","https://letcode.in/","GET","200","true","amazon:us:columbus","{'url': 'https://letcode.in/', 'proto': 'HTTP/2.0', 'tls_version': 'tls1.3'}",5,11.183889,14.2431286,12.0,20.3725143432617,21.8470172119141,22.215643,4.4777570368087
"2022-02-01T14:13:10+00:00","http_req_duration","::page_1 - https://letcode.in/","default","https://letcode.in/","GET","200","true","amazon:us:columbus","{'url': 'https://letcode.in/', 'proto': 'HTTP/2.0', 'tls_version': 'tls1.3'}",5,11.132714,11.826452,11.826452255249,11.826452255249,11.826452255249,11.826452,0
"2022-02-01T14:13:11+00:00","http_req_duration","::page_1 - https://letcode.in/","default","https://letcode.in/","GET","200","true","amazon:us:columbus","{'url': 'https://letcode.in/', 'proto': 'HTTP/2.0', 'tls_version': 'tls1.3'}",5,11.146498,12.5737526,12.0,14.2950103759766,14.7540124511719,14.868763,1.28294981586725
"2022-02-01T14:13:12+00:00","http_req_duration","::page_1 - https://letcode.in/","default","https://letcode.in/","GET","200","true","amazon:us:columbus","{'url': 'https://letcode.in/', 'proto': 'HTTP/2.0', 'tls_version': 'tls1.3'}",5,11.217121,12.6061592,12.0,13.5153980255127,13.5153980255127,13.515398,0.830017668198213
"2022-02-01T14:13:13+00:00","http_req_duration","::page_1 - https://letcode.in/","default","https://letcode.in/","GET","200","true","amazon:us:columbus","{'url': 'https://letcode.in/', 'proto': 'HTTP/2.0', 'tls_version': 'tls1.3'}",5,10.976937,11.513728,11.6421604156494,11.6421604156494,11.6421604156494,11.64216,0.287182682486253
"2022-02-01T14:13:14+00:00","http_req_duration","::page_1 - https://letcode.in/","default","https://letcode.in/","GET","200","true","amazon:us:columbus","{'url': 'https://letcode.in/', 'proto': 'HTTP/2.0', 'tls_version': 'tls1.3'}",5,11.143501,15.0534538,12.0,24.2138153076172,26.6565783691406,27.267269,6.82773026295505
"2022-02-01T14:13:15+00:00","http_req_duration","::page_1 - https://letcode.in/","default","https://letcode.in/","GET","200","true","amazon:us:columbus","{'url': 'https://letcode.in/', 'proto': 'HTTP/2.0', 'tls_version': 'tls1.3'}",5,11.038776,11.990627,11.9906272888184,11.9906272888184,11.9906272888184,11.990627,0
"2022-02-01T14:13:16+00:00","http_req_duration","::page_1 - https://letcode.in/","default","https://letcode.in/","GET","200","true","amazon:us:columbus","{'url': 'https://letcode.in/', 'proto': 'HTTP/2.0', 'tls_version': 'tls1.3'}",5,11.110648,11.827448,11.8274478912354,11.8274478912354,11.8274478912354,11.827448,0
"2022-02-01T14:13:17+00:00","http_req_duration","::page_1 - https://letcode.in/","default","https://letcode.in/","GET","200","true","amazon:us:columbus","{'url': 'https://letcode.in/', 'proto': 'HTTP/2.0', 'tls_version': 'tls1.3'}",5,11.049148,11.457428,11.4574279785156,11.4574279785156,11.4574279785156,11.457428,0
"2022-02-01T14:13:18+00:00","http_req_duration","::page_1 - https://letcode.in/","default","https://letcode.in/","GET","200","true","amazon:us:columbus","{'url': 'https://letcode.in/', 'proto': 'HTTP/2.0', 'tls_version': 'tls1.3'}",5,11.048616,13.3147228,12.0,17.2588912963867,18.3106695556641,18.573614,2.93980955236886
"2022-02-01T14:13:19+00:00","http_req_duration","::page_1 - https://letcode.in/","default","https://letcode.in/","GET","200","true","amazon:us:columbus","{'url': 'https://letcode.in/', 'proto': 'HTTP/2.0', 'tls_version': 'tls1.3'}",5,10.972852,11.7511864,11.938982963562,11.938982963562,11.938982963562,11.938983,0.419925963543337
"2022-02-01T14:13:20+00:00","http_req_duration","::page_1 - https://letcode.in/","default","https://letcode.in/","GET","200","true","amazon:us:columbus","{'url': 'https://letcode.in/', 'proto': 'HTTP/2.0', 'tls_version': 'tls1.3'}",5,11.119586,11.821338,11.8213376998901,11.8213376998901,11.8213376998901,11.821338,0
"2022-02-01T14:13:21+00:00","http_req_duration","::page_1 - https://letcode.in/","default","https://letcode.in/","GET","200","true","amazon:us:columbus","{'url': 'https://letcode.in/', 'proto': 'HTTP/2.0', 'tls_version': 'tls1.3'}",5,11.033582,12.5340512,12.0,14.1362045288086,14.5634454345703,14.670256,1.19417478666534
"2022-02-01T14:13:22+00:00","http_req_duration","::page_1 - https://letcode.in/","default","https://letcode.in/","GET","200","true","amazon:us:columbus","{'url': 'https://letcode.in/', 'proto': 'HTTP/2.0', 'tls_version': 'tls1.3'}",5,11.138312,12.9158056,12.0,15.6632217407227,16.3958660888672,16.579028,2.04780357577498
"2022-02-01T14:13:23+00:00","http_req_duration","::page_1 - https://letcode.in/","default","https://letcode.in/","GET","200","true","amazon:us:columbus","{'url': 'https://letcode.in/', 'proto': 'HTTP/2.0', 'tls_version': 'tls1.3'}",5,10.995512,11.9129366,12.0,12.4517463684082,12.5420956420898,12.564683,0.565898999908818
"2022-02-01T14:13:24+00:00","http_req_duration","::page_1 - https://letcode.in/","default","https://letcode.in/","GET","200","true","amazon:us:columbus","{'url': 'https://letcode.in/', 'proto': 'HTTP/2.0', 'tls_version': 'tls1.3'}",5,11.25326,12.1840548,12.0,12.7362190246582,12.8834628295898,12.920274,0.411559044385128
"2022-02-01T14:13:25+00:00","http_req_duration","::page_1 - https://letcode.in/","default","https://letcode.in/","GET","200","true","amazon:us:columbus","{'url': 'https://letcode.in/', 'proto': 'HTTP/2.0', 'tls_version': 'tls1.3'}",5,11.14751,12.1856778,12.0,12.7427108764648,12.8912530517578,12.928389,0.41518818271261
"2022-02-01T14:13:26+00:00","http_req_duration","::page_1 - https://letcode.in/","default","https://letcode.in/","GET","200","true","amazon:us:columbus","{'url': 'https://letcode.in/', 'proto': 'HTTP/2.0', 'tls_version': 'tls1.3'}",5,11.111887,11.903078,11.9030780792236,11.9030780792236,11.9030780792236,11.903078,0
"2022-02-01T14:13:27+00:00","http_req_duration","::page_1 - https://letcode.in/","default","https://letcode.in/","GET","200","true","amazon:us:columbus","{'url': 'https://letcode.in/', 'proto': 'HTTP/2.0', 'tls_version': 'tls1.3'}",5,11.086209,12.1839536,12.0,12.735814666748,12.8829776000977,12.919768,0.411332754305805
"2022-02-01T14:13:28+00:00","http_req_duration","::page_1 - https://letcode.in/","default","https://letcode.in/","GET","200","true","amazon:us:columbus","{'url': 'https://letcode.in/', 'proto': 'HTTP/2.0', 'tls_version': 'tls1.3'}",5,11.016878,11.973368,11.97336769104,11.97336769104,11.97336769104,11.973368,0
"2022-02-01T14:13:29+00:00","http_req_duration","::page_1 - https://letcode.in/","default","https://letcode.in/","GET","200","true","amazon:us:columbus","{'url': 'https://letcode.in/', 'proto': 'HTTP/2.0', 'tls_version': 'tls1.3'}",5,11.169297,11.506685,11.506685256958,11.506685256958,11.506685256958,11.506685,0
"2022-02-01T14:13:30+00:00","http_req_duration","::page_1 - https://letcode.in/","default","https://letcode.in/","GET","200","true","amazon:us:columbus","{'url': 'https://letcode.in/', 'proto': 'HTTP/2.0', 'tls_version': 'tls1.3'}",5,11.17794,11.928715,11.9287147521973,11.9287147521973,11.9287147521973,11.928715,0
"2022-02-01T14:13:31+00:00","http_req_duration","::page_1 - https://letcode.in/","default","https://letcode.in/","GET","200","true","amazon:us:columbus","{'url': 'https://letcode.in/', 'proto': 'HTTP/2.0', 'tls_version': 'tls1.3'}",5,11.036197,11.847839,11.8478393554688,11.8478393554688,11.8478393554688,11.847839,0
"2022-02-01T14:13:32+00:00","http_req_duration","::page_1 - https://letcode.in/","default","https://letcode.in/","GET","200","true","amazon:us:columbus","{'url': 'https://letcode.in/', 'proto': 'HTTP/2.0', 'tls_version': 'tls1.3'}",5,11.139925,11.881737,11.8817367553711,11.8817367553711,11.8817367553711,11.881737,0
"2022-02-01T14:13:33+00:00","http_req_duration","::page_1 - https://letcode.in/","default","https://letcode.in/","GET","200","true","amazon:us:columbus","{'url': 'https://letcode.in/', 'proto': 'HTTP/2.0', 'tls_version': 'tls1.3'}",5,10.988368,12.3042938,12.0,13.4171752929688,13.5006103515625,13.521469,0.981312174382953
"2022-02-01T14:13:34+00:00","http_req_duration","::page_1 - https://letcode.in/","default","https://letcode.in/","GET","200","true","amazon:us:columbus","{'url': 'https://letcode.in/', 'proto': 'HTTP/2.0', 'tls_version': 'tls1.3'}",5,11.148892,11.577217,11.5772171020508,11.5772171020508,11.5772171020508,11.577217,0
"2022-02-01T14:13:35+00:00","http_req_duration","::page_1 - https://letcode.in/","default","https://letcode.in/","GET","200","true","amazon:us:columbus","{'url': 'https://letcode.in/', 'proto': 'HTTP/2.0', 'tls_version': 'tls1.3'}",5,10.989737,11.4879464,11.6099328994751,11.6099328994751,11.6099328994751,11.609933,0.272770329944076
"2022-02-01T14:13:36+00:00","http_req_duration","::page_1 - https://letcode.in/","default","https://letcode.in/","GET","200","true","amazon:us:columbus","{'url': 'https://letcode.in/', 'proto': 'HTTP/2.0', 'tls_version': 'tls1.3'}",5,11.019766,11.600947,11.6009473800659,11.6009473800659,11.6009473800659,11.600947,0
"2022-02-01T14:13:37+00:00","http_req_duration","::page_1 - https://letcode.in/","default","https://letcode.in/","GET","200","true","amazon:us:columbus","{'url': 'https://letcode.in/', 'proto': 'HTTP/2.0', 'tls_version': 'tls1.3'}",5,10.998071,12.2379414,12.0,13.7517654418945,14.1021185302734,14.189707,1.17385435602966
"2022-02-01T14:13:38+00:00","http_req_duration","::page_1 - https://letcode.in/","default","https://letcode.in/","GET","200","true","amazon:us:columbus","{'url': 'https://letcode.in/', 'proto': 'HTTP/2.0', 'tls_version': 'tls1.3'}",5,10.981522,11.4249928,11.5312414169312,11.5312414169312,11.5312414169312,11.531241,0.237578197686993
"2022-02-01T14:13:39+00:00","http_req_duration","::page_1 - https://letcode.in/","default","https://letcode.in/","GET","200","true","amazon:us:columbus","{'url': 'https://letcode.in/', 'proto': 'HTTP/2.0', 'tls_version': 'tls1.3'}",5,11.024793,12.0225294,12.0,12.0901176452637,12.1081411743164,12.112647,0.0503772698922841
"2022-02-01T14:13:40+00:00","http_req_duration","::page_1 - https://letcode.in/","default","https://letcode.in/","GET","200","true","amazon:us:columbus","{'url': 'https://letcode.in/', 'proto': 'HTTP/2.0', 'tls_version': 'tls1.3'}",5,11.00326,12.2336338,12.0,12.9345352172852,13.1214422607422,13.168169,0.522421058641591
"2022-02-01T14:13:41+00:00","http_req_duration","::page_1 - https://letcode.in/","default","https://letcode.in/","GET","200","true","amazon:us:columbus","{'url': 'https://letcode.in/', 'proto': 'HTTP/2.0', 'tls_version': 'tls1.3'}",5,11.012297,11.608282,11.6082820892334,11.6082820892334,11.6082820892334,11.608282,0
"2022-02-01T14:13:42+00:00","http_req_duration","::page_1 - https://letcode.in/","default","https://letcode.in/","GET","200","true","amazon:us:columbus","{'url': 'https://letcode.in/', 'proto': 'HTTP/2.0', 'tls_version': 'tls1.3'}",5,11.140119,12.1052962,12.0,12.4211845397949,12.5054214477539,12.526481,0.235449460972414
"2022-02-01T14:13:43+00:00","http_req_duration","::page_1 - https://letcode.in/","default","https://letcode.in/","GET","200","true","amazon:us:columbus","{'url': 'https://letcode.in/', 'proto': 'HTTP/2.0', 'tls_version': 'tls1.3'}",5,11.08769,12.8893918,12.0,15.5575668334961,16.2690802001953,16.446959,1.9887405234309
"2022-02-01T14:13:44+00:00","http_req_duration","::page_1 - https://letcode.in/","default","https://letcode.in/","GET","200","true","amazon:us:columbus","{'url': 'https://letcode.in/', 'proto': 'HTTP/2.0', 'tls_version': 'tls1.3'}",5,11.143423,12.720005,12.0,14.8800201416016,15.4560241699219,15.600025,1.60998012413974
"2022-02-01T14:13:45+00:00","http_req_duration","::page_1 - https://letcode.in/","default","https://letcode.in/","GET","200","true","amazon:us:columbus","{'url': 'https://letcode.in/', 'proto': 'HTTP/2.0', 'tls_version': 'tls1.3'}",5,11.153886,11.529697,11.5296974182129,11.5296974182129,11.5296974182129,11.529697,0
