"time","metric","scenario","group","load_zone","tags","count","min","mean","max","last"
"2022-02-01T14:12:47+00:00","load_generator_cpu_percent","","","amazon:us:columbus","{'instance_id': '0'}",1,0.0,0.0,0.0,0.0
"2022-02-01T14:12:48+00:00","load_generator_cpu_percent","","","amazon:us:columbus","{'instance_id': '0'}",1,0.995024875621911,0.995024875621911,0.995024875621911,0.995024875621911
"2022-02-01T14:12:49+00:00","load_generator_cpu_percent","","","amazon:us:columbus","{'instance_id': '0'}",1,0.0,0.0,0.0,0.0
"2022-02-01T14:12:50+00:00","load_generator_cpu_percent","","","amazon:us:columbus","{'instance_id': '0'}",1,0.500000000000034,0.500000000000034,0.500000000000034,0.500000000000034
"2022-02-01T14:12:51+00:00","load_generator_cpu_percent","","","amazon:us:columbus","{'instance_id': '0'}",1,1.49253731343284,1.49253731343284,1.49253731343284,1.49253731343284
"2022-02-01T14:12:52+00:00","load_generator_cpu_percent","","","amazon:us:columbus","{'instance_id': '0'}",1,0.505050505050493,0.505050505050493,0.505050505050493,0.505050505050493
"2022-02-01T14:12:53+00:00","load_generator_cpu_percent","","","amazon:us:columbus","{'instance_id': '0'}",1,0.0,0.0,0.0,0.0
"2022-02-01T14:12:54+00:00","load_generator_cpu_percent","","","amazon:us:columbus","{'instance_id': '0'}",1,2.48756218905468,2.48756218905468,2.48756218905468,2.48756218905468
"2022-02-01T14:12:55+00:00","load_generator_cpu_percent","","","amazon:us:columbus","{'instance_id': '0'}",1,0.0,0.0,0.0,0.0
"2022-02-01T14:12:56+00:00","load_generator_cpu_percent","","","amazon:us:columbus","{'instance_id': '0'}",1,0.0,0.0,0.0,0.0
"2022-02-01T14:12:57+00:00","load_generator_cpu_percent","","","amazon:us:columbus","{'instance_id': '0'}",1,0.0,0.0,0.0,0.0
"2022-02-01T14:12:58+00:00","load_generator_cpu_percent","","","amazon:us:columbus","{'instance_id': '0'}",1,2.48756218905477,2.48756218905477,2.48756218905477,2.48756218905477
"2022-02-01T14:12:59+00:00","load_generator_cpu_percent","","","amazon:us:columbus","{'instance_id': '0'}",1,0.995024875621867,0.995024875621867,0.995024875621867,0.995024875621867
"2022-02-01T14:13:00+00:00","load_generator_cpu_percent","","","amazon:us:columbus","{'instance_id': '0'}",1,0.0,0.0,0.0,0.0
"2022-02-01T14:13:01+00:00","load_generator_cpu_percent","","","amazon:us:columbus","{'instance_id': '0'}",1,0.499999999999986,0.499999999999986,0.499999999999986,0.499999999999986
"2022-02-01T14:13:02+00:00","load_generator_cpu_percent","","","amazon:us:columbus","{'instance_id': '0'}",1,0.499999999999993,0.499999999999993,0.499999999999993,0.499999999999993
"2022-02-01T14:13:03+00:00","load_generator_cpu_percent","","","amazon:us:columbus","{'instance_id': '0'}",1,0.497512437810933,0.497512437810933,0.497512437810933,0.497512437810933
"2022-02-01T14:13:04+00:00","load_generator_cpu_percent","","","amazon:us:columbus","{'instance_id': '0'}",1,0.0,0.0,0.0,0.0
"2022-02-01T14:13:05+00:00","load_generator_cpu_percent","","","amazon:us:columbus","{'instance_id': '0'}",1,0.497512437810981,0.497512437810981,0.497512437810981,0.497512437810981
"2022-02-01T14:13:06+00:00","load_generator_cpu_percent","","","amazon:us:columbus","{'instance_id': '0'}",1,2.46305418719213,2.46305418719213,2.46305418719213,2.46305418719213
"2022-02-01T14:13:07+00:00","load_generator_cpu_percent","","","amazon:us:columbus","{'instance_id': '0'}",1,0.0,0.0,0.0,0.0
"2022-02-01T14:13:08+00:00","load_generator_cpu_percent","","","amazon:us:columbus","{'instance_id': '0'}",1,0.0,0.0,0.0,0.0
"2022-02-01T14:13:09+00:00","load_generator_cpu_percent","","","amazon:us:columbus","{'instance_id': '0'}",1,0.999999999999979,0.999999999999979,0.999999999999979,0.999999999999979
"2022-02-01T14:13:10+00:00","load_generator_cpu_percent","","","amazon:us:columbus","{'instance_id': '0'}",1,0.0,0.0,0.0,0.0
"2022-02-01T14:13:11+00:00","load_generator_cpu_percent","","","amazon:us:columbus","{'instance_id': '0'}",1,0.0,0.0,0.0,0.0
"2022-02-01T14:13:12+00:00","load_generator_cpu_percent","","","amazon:us:columbus","{'instance_id': '0'}",1,0.0,0.0,0.0,0.0
"2022-02-01T14:13:13+00:00","load_generator_cpu_percent","","","amazon:us:columbus","{'instance_id': '0'}",1,0.499999999999989,0.499999999999989,0.499999999999989,0.499999999999989
"2022-02-01T14:13:14+00:00","load_generator_cpu_percent","","","amazon:us:columbus","{'instance_id': '0'}",1,0.0,0.0,0.0,0.0
"2022-02-01T14:13:15+00:00","load_generator_cpu_percent","","","amazon:us:columbus","{'instance_id': '0'}",1,0.0,0.0,0.0,0.0
"2022-02-01T14:13:16+00:00","load_generator_cpu_percent","","","amazon:us:columbus","{'instance_id': '0'}",1,0.0,0.0,0.0,0.0
"2022-02-01T14:13:17+00:00","load_generator_cpu_percent","","","amazon:us:columbus","{'instance_id': '0'}",1,0.499999999999989,0.499999999999989,0.499999999999989,0.499999999999989
"2022-02-01T14:13:18+00:00","load_generator_cpu_percent","","","amazon:us:columbus","{'instance_id': '0'}",1,0.0,0.0,0.0,0.0
"2022-02-01T14:13:19+00:00","load_generator_cpu_percent","","","amazon:us:columbus","{'instance_id': '0'}",1,0.0,0.0,0.0,0.0
"2022-02-01T14:13:20+00:00","load_generator_cpu_percent","","","amazon:us:columbus","{'instance_id': '0'}",1,0.0,0.0,0.0,0.0
"2022-02-01T14:13:21+00:00","load_generator_cpu_percent","","","amazon:us:columbus","{'instance_id': '0'}",1,1.98019801980202,1.98019801980202,1.98019801980202,1.98019801980202
"2022-02-01T14:13:22+00:00","load_generator_cpu_percent","","","amazon:us:columbus","{'instance_id': '0'}",1,0.502512562814061,0.502512562814061,0.502512562814061,0.502512562814061
"2022-02-01T14:13:23+00:00","load_generator_cpu_percent","","","amazon:us:columbus","{'instance_id': '0'}",1,0.99502487562186,0.99502487562186,0.99502487562186,0.99502487562186
"2022-02-01T14:13:24+00:00","load_generator_cpu_percent","","","amazon:us:columbus","{'instance_id': '0'}",1,1.49253731343285,1.49253731343285,1.49253731343285,1.49253731343285
"2022-02-01T14:13:25+00:00","load_generator_cpu_percent","","","amazon:us:columbus","{'instance_id': '0'}",1,0.500000000000034,0.500000000000034,0.500000000000034,0.500000000000034
"2022-02-01T14:13:26+00:00","load_generator_cpu_percent","","","amazon:us:columbus","{'instance_id': '0'}",1,0.0,0.0,0.0,0.0
"2022-02-01T14:13:27+00:00","load_generator_cpu_percent","","","amazon:us:columbus","{'instance_id': '0'}",1,0.0,0.0,0.0,0.0
"2022-02-01T14:13:28+00:00","load_generator_cpu_percent","","","amazon:us:columbus","{'instance_id': '0'}",1,0.0,0.0,0.0,0.0
"2022-02-01T14:13:29+00:00","load_generator_cpu_percent","","","amazon:us:columbus","{'instance_id': '0'}",1,0.499999999999989,0.499999999999989,0.499999999999989,0.499999999999989
"2022-02-01T14:13:30+00:00","load_generator_cpu_percent","","","amazon:us:columbus","{'instance_id': '0'}",1,0.0,0.0,0.0,0.0
"2022-02-01T14:13:31+00:00","load_generator_cpu_percent","","","amazon:us:columbus","{'instance_id': '0'}",1,0.0,0.0,0.0,0.0
"2022-02-01T14:13:32+00:00","load_generator_cpu_percent","","","amazon:us:columbus","{'instance_id': '0'}",1,0.0,0.0,0.0,0.0
"2022-02-01T14:13:33+00:00","load_generator_cpu_percent","","","amazon:us:columbus","{'instance_id': '0'}",1,0.499999999999989,0.499999999999989,0.499999999999989,0.499999999999989
"2022-02-01T14:13:34+00:00","load_generator_cpu_percent","","","amazon:us:columbus","{'instance_id': '0'}",1,0.0,0.0,0.0,0.0
"2022-02-01T14:13:35+00:00","load_generator_cpu_percent","","","amazon:us:columbus","{'instance_id': '0'}",1,0.0,0.0,0.0,0.0
"2022-02-01T14:13:36+00:00","load_generator_cpu_percent","","","amazon:us:columbus","{'instance_id': '0'}",1,0.999999999999979,0.999999999999979,0.999999999999979,0.999999999999979
"2022-02-01T14:13:37+00:00","load_generator_cpu_percent","","","amazon:us:columbus","{'instance_id': '0'}",1,0.0,0.0,0.0,0.0
"2022-02-01T14:13:38+00:00","load_generator_cpu_percent","","","amazon:us:columbus","{'instance_id': '0'}",1,0.0,0.0,0.0,0.0
"2022-02-01T14:13:39+00:00","load_generator_cpu_percent","","","amazon:us:columbus","{'instance_id': '0'}",1,0.502512562814057,0.502512562814057,0.502512562814057,0.502512562814057
"2022-02-01T14:13:40+00:00","load_generator_cpu_percent","","","amazon:us:columbus","{'instance_id': '0'}",1,0.500000000000034,0.500000000000034,0.500000000000034,0.500000000000034
"2022-02-01T14:13:41+00:00","load_generator_cpu_percent","","","amazon:us:columbus","{'instance_id': '0'}",1,1.50000000000001,1.50000000000001,1.50000000000001,1.50000000000001
"2022-02-01T14:13:42+00:00","load_generator_cpu_percent","","","amazon:us:columbus","{'instance_id': '0'}",1,0.0,0.0,0.0,0.0
"2022-02-01T14:13:43+00:00","load_generator_cpu_percent","","","amazon:us:columbus","{'instance_id': '0'}",1,0.0,0.0,0.0,0.0
"2022-02-01T14:13:44+00:00","load_generator_cpu_percent","","","amazon:us:columbus","{'instance_id': '0'}",1,0.499999999999989,0.499999999999989,0.499999999999989,0.499999999999989
"2022-02-01T14:13:45+00:00","load_generator_cpu_percent","","","amazon:us:columbus","{'instance_id': '0'}",1,0.0,0.0,0.0,0.0
"2022-02-01T14:13:46+00:00","load_generator_cpu_percent","","","amazon:us:columbus","{'instance_id': '0'}",1,0.499999999999989,0.499999999999989,0.499999999999989,0.499999999999989
"2022-02-01T14:13:47+00:00","load_generator_cpu_percent","","","amazon:us:columbus","{'instance_id': '0'}",1,0.0,0.0,0.0,0.0
"2022-02-01T14:13:48+00:00","load_generator_cpu_percent","","","amazon:us:columbus","{'instance_id': '0'}",1,0.499999999999996,0.499999999999996,0.499999999999996,0.499999999999996
"2022-02-01T14:13:49+00:00","load_generator_cpu_percent","","","amazon:us:columbus","{'instance_id': '0'}",1,0.0,0.0,0.0,0.0
"2022-02-01T14:13:50+00:00","load_generator_cpu_percent","","","amazon:us:columbus","{'instance_id': '0'}",1,0.0,0.0,0.0,0.0
