"time","metric","scenario","group","load_zone","tags","count"
"2022-02-01T14:12:48+00:00","data_received","default","","amazon:us:columbus","{}",7455
"2022-02-01T14:12:49+00:00","data_received","default","","amazon:us:columbus","{}",7455
"2022-02-01T14:12:50+00:00","data_received","default","","amazon:us:columbus","{}",7455
"2022-02-01T14:12:51+00:00","data_received","default","","amazon:us:columbus","{}",7455
"2022-02-01T14:12:52+00:00","data_received","default","","amazon:us:columbus","{}",7455
"2022-02-01T14:12:53+00:00","data_received","default","","amazon:us:columbus","{}",7455
"2022-02-01T14:12:54+00:00","data_received","default","","amazon:us:columbus","{}",7455
"2022-02-01T14:12:55+00:00","data_received","default","","amazon:us:columbus","{}",8375
"2022-02-01T14:12:56+00:00","data_received","default","","amazon:us:columbus","{}",7460
"2022-02-01T14:12:57+00:00","data_received","default","","amazon:us:columbus","{}",7460
"2022-02-01T14:12:58+00:00","data_received","default","","amazon:us:columbus","{}",7460
"2022-02-01T14:12:59+00:00","data_received","default","","amazon:us:columbus","{}",7460
"2022-02-01T14:13:00+00:00","data_received","default","","amazon:us:columbus","{}",7461
"2022-02-01T14:13:01+00:00","data_received","default","","amazon:us:columbus","{}",7460
"2022-02-01T14:13:02+00:00","data_received","default","","amazon:us:columbus","{}",7460
"2022-02-01T14:13:03+00:00","data_received","default","","amazon:us:columbus","{}",8380
"2022-02-01T14:13:04+00:00","data_received","default","","amazon:us:columbus","{}",7460
"2022-02-01T14:13:05+00:00","data_received","default","","amazon:us:columbus","{}",7461
"2022-02-01T14:13:06+00:00","data_received","default","","amazon:us:columbus","{}",7460
"2022-02-01T14:13:07+00:00","data_received","default","","amazon:us:columbus","{}",7460
"2022-02-01T14:13:08+00:00","data_received","default","","amazon:us:columbus","{}",7460
"2022-02-01T14:13:09+00:00","data_received","default","","amazon:us:columbus","{}",7460
"2022-02-01T14:13:10+00:00","data_received","default","","amazon:us:columbus","{}",7462
"2022-02-01T14:13:11+00:00","data_received","default","","amazon:us:columbus","{}",8380
"2022-02-01T14:13:12+00:00","data_received","default","","amazon:us:columbus","{}",7460
"2022-02-01T14:13:13+00:00","data_received","default","","amazon:us:columbus","{}",7460
"2022-02-01T14:13:14+00:00","data_received","default","","amazon:us:columbus","{}",7460
"2022-02-01T14:13:15+00:00","data_received","default","","amazon:us:columbus","{}",7461
"2022-02-01T14:13:16+00:00","data_received","default","","amazon:us:columbus","{}",7461
"2022-02-01T14:13:17+00:00","data_received","default","","amazon:us:columbus","{}",7462
"2022-02-01T14:13:18+00:00","data_received","default","","amazon:us:columbus","{}",7461
"2022-02-01T14:13:19+00:00","data_received","default","","amazon:us:columbus","{}",8381
"2022-02-01T14:13:20+00:00","data_received","default","","amazon:us:columbus","{}",7460
"2022-02-01T14:13:21+00:00","data_received","default","","amazon:us:columbus","{}",7460
"2022-02-01T14:13:22+00:00","data_received","default","","amazon:us:columbus","{}",7460
"2022-02-01T14:13:23+00:00","data_received","default","","amazon:us:columbus","{}",7460
"2022-02-01T14:13:24+00:00","data_received","default","","amazon:us:columbus","{}",7460
"2022-02-01T14:13:25+00:00","data_received","default","","amazon:us:columbus","{}",7460
"2022-02-01T14:13:26+00:00","data_received","default","","amazon:us:columbus","{}",7460
"2022-02-01T14:13:27+00:00","data_received","default","","amazon:us:columbus","{}",8380
"2022-02-01T14:13:28+00:00","data_received","default","","amazon:us:columbus","{}",7460
"2022-02-01T14:13:29+00:00","data_received","default","","amazon:us:columbus","{}",7460
"2022-02-01T14:13:30+00:00","data_received","default","","amazon:us:columbus","{}",7460
"2022-02-01T14:13:31+00:00","data_received","default","","amazon:us:columbus","{}",7460
"2022-02-01T14:13:32+00:00","data_received","default","","amazon:us:columbus","{}",7350
"2022-02-01T14:13:33+00:00","data_received","default","","amazon:us:columbus","{}",7350
"2022-02-01T14:13:34+00:00","data_received","default","","amazon:us:columbus","{}",7350
"2022-02-01T14:13:35+00:00","data_received","default","","amazon:us:columbus","{}",8270
"2022-02-01T14:13:36+00:00","data_received","default","","amazon:us:columbus","{}",7350
"2022-02-01T14:13:37+00:00","data_received","default","","amazon:us:columbus","{}",7350
"2022-02-01T14:13:38+00:00","data_received","default","","amazon:us:columbus","{}",7350
"2022-02-01T14:13:39+00:00","data_received","default","","amazon:us:columbus","{}",7350
"2022-02-01T14:13:40+00:00","data_received","default","","amazon:us:columbus","{}",7350
"2022-02-01T14:13:41+00:00","data_received","default","","amazon:us:columbus","{}",7350
"2022-02-01T14:13:42+00:00","data_received","default","","amazon:us:columbus","{}",7350
"2022-02-01T14:13:43+00:00","data_received","default","","amazon:us:columbus","{}",8270
"2022-02-01T14:13:44+00:00","data_received","default","","amazon:us:columbus","{}",7350
"2022-02-01T14:13:45+00:00","data_received","default","","amazon:us:columbus","{}",7350
"2022-02-01T14:13:46+00:00","data_received","default","","amazon:us:columbus","{}",7350
